model,text_variant,f1_macro,recall_macro,critical_recall,mcc,brier_score,ece
Embedding_SVM,raw,0.74447991958872,0.7495304369653734,0.6912996545768566,0.7155091361991839,,
LinearSVC_balanced,raw,0.7409504176926592,0.7378552917263496,0.6816062176165802,0.7137438143197404,,
Embedding_LogReg,raw,0.7367803797753787,0.7462499228513527,0.708419689119171,0.708113048449751,0.34796095587992415,0.03670821711066562
LightGBM_balanced,raw,0.7310914607252522,0.7330017811644512,0.6961355785837651,0.7036867625124938,0.3358876338559482,0.021461707018216244
LinearSVC_plain,raw,0.7236106732580979,0.7167593228856762,0.6507052389176742,0.6931532551035894,,
LogReg_plain,raw,0.7159242838310108,0.7054391911205581,0.6232225100748416,0.688227553437418,0.37807895818503007,0.13173097811931178
XGBoost_balanced,raw,0.7131464464994414,0.7173895765552557,0.7199050086355786,0.68180169536682,0.3786615874182412,0.08532070251559212
LogReg_balanced,raw,0.7036909504353368,0.7080654851483803,0.6944516407599309,0.6714649307422829,0.5569785937014468,0.3508245412436719
MultinomialNB,raw,0.4850785075665401,0.5246054649520834,0.3272956246401842,0.541137002153778,0.5449501039143193,0.09367533901209761
